addr,data
0x1000,1
0x1002,2
0x1004,8
0x1006,3
0x1008,6
0x100A,32
0x100C,47
0x100E,-76
0x1010,-92
0x1012,69
0x1014,-18
0x1016,-63
0x1018,-23
0x101A,-59
0x101C,20
0x101E,80
0x1020,-13
0x1022,6
0x1024,-34
0x1026,86
0x1028,2
0x102A,-24
0x102C,5
0x102E,10
0x1030,-22
0x1032,0
0x1034,-91
0x1036,-13
0x1038,-34
0x103A,-51
0x103C,-80
0x103E,74
0x1040,51
0x1042,21
0x1044,-73
0x1046,-79
0x1048,60
0x104A,74
0x104C,5
0x104E,-94
0x1050,66
0x1052,-6
0x1054,-37
0x1056,67
0x1058,99
0x105A,-87
0x105C,-23
0x105E,67
0x1060,-63
0x1062,-54
0x1064,-23
0x1066,67
0x1068,-5
0x106A,-61
0x106C,-94
0x106E,30
0x1070,-54
0x1072,-18
0x1074,-11
0x1076,70
0x1078,41
0x107A,99
0x107C,2
0x107E,9
0x1080,-94
0x1082,77
0x1084,50
0x1086,5
0x1088,-19
0x108A,-25
0x108C,16
0x108E,16
0x1090,74
0x1092,-15
0x1094,16
0x1096,-33
0x1098,68
0x109A,-92
0x109C,-80
0x109E,-85
0x10A0,18
0x10A2,57
0x10A4,78
0x10A6,-97
0x10A8,47
0x10AA,-37
0x10AC,-56
0x10AE,63
0x10B0,-46
0x10B2,53
0x10B4,-50
0x10B6,35
0x10B8,-94
0x10BA,0
0x10BC,-15
0x10BE,97
0x10C0,-91
0x10C2,-17
0x10C4,-71
0x10C6,-74
0x10C8,49
0x10CA,35
0x10CC,67
0x10CE,-39
0x10D0,47
0x10D2,-93
0x10D4,90
0x10D6,-78
0x10D8,-81
0x10DA,78
0x10DC,-73
0x10DE,-61
0x10E0,84
0x10E2,-65
0x10E4,62
0x10E6,-8
0x10E8,-42
0x10EA,35
0x10EC,49
0x10EE,-2
0x10F0,70
0x10F2,-43
0x10F4,-89
0x10F6,-86
0x10F8,74
0x10FA,3
0x10FC,-32
0x10FE,-15
0x1100,-99
0x1102,-47
0x1104,26
0x1106,-11
0x1108,-67
0x110A,3
0x110C,72
0x110E,29
0x1110,-3
0x1112,-38
0x1114,-11
0x1116,36
0x1118,-78
0x111A,-62
0x111C,-79
0x111E,-48
0x1120,-81
0x1122,-29
0x1124,-16
0x1126,49
0x1128,53
0x112A,-77
0x112C,-63
0x112E,-1
0x1130,63
0x1132,-33
0x1134,-11
0x1136,-94
0x1138,-47
0x113A,-7
0x113C,-6
0x113E,95
0x1140,47
0x1142,-40
0x1144,29
0x1146,-97
0x1148,12
0x114A,63
0x114C,-51
0x114E,84
0x1150,-39
0x1152,-83
0x1154,-9
0x1156,4
0x1158,-88
0x115A,-70
0x115C,75
0x115E,-66
0x1160,-27
0x1162,-3
0x1164,-77
0x1166,-55
0x1168,13
0x116A,-38
0x116C,-56
0x116E,77
0x1170,96
0x1172,-2
0x1174,-91
0x1176,66
0x1178,-28
0x117A,61
0x117C,-88
0x117E,-70
0x1180,99
0x1182,30
0x1184,-38
0x1186,-67
0x1188,94
0x118A,63
0x118C,1
0x118E,-80
0x1190,-80
0x1192,-53
0x1194,99
0x1196,-66
0x1198,44
0x119A,-37
0x119C,-63
0x119E,48
0x11A0,46
0x11A2,26
0x11A4,-23
0x11A6,-47
0x11A8,81
0x11AA,43
0x11AC,-46
0x11AE,-53
0x11B0,-34
0x11B2,-96
0x11B4,-62
0x11B6,-37
0x11B8,-9
0x11BA,12
0x11BC,43
0x11BE,86
0x11C0,-65
0x11C2,-72
0x11C4,64
0x11C6,-59
0x11C8,90
0x11CA,44
0x11CC,68
0x11CE,-61
0x11D0,1
0x11D2,-52
0x11D4,-90
0x11D6,-71
0x11D8,33
0x11DA,84
0x11DC,94
0x11DE,87
0x11E0,99
0x11E2,46
0x11E4,-73
0x11E6,-82
0x11E8,79
0x11EA,-88
0x11EC,44
0x11EE,21
0x11F0,-63
0x11F2,31
0x11F4,-63
0x11F6,-100
0x11F8,0
0x11FA,-32
0x11FC,17
0x11FE,-32
0x1200,17
0x1202,54
0x1204,-37
0x1206,52
0x1208,80
0x120A,51
0x120C,32
0x120E,-41
0x1210,73
0x1212,21
0x1214,-76
0x1216,-2
0x1218,-70
0x121A,-18
0x121C,-76
0x121E,-14
0x1220,-50
0x1222,46
0x1224,70
0x1226,93
0x1228,21
0x122A,56
0x122C,-2
0x122E,1
0x1230,-10
0x1232,-28
0x1234,79
0x1236,53
0x1238,49
0x123A,53
0x123C,30
0x123E,49
0x1240,57
0x1242,-69
0x1244,73
0x1246,-90
0x1248,-61
0x124A,-85
0x124C,0
0x124E,-55
0x1250,-22
0x1252,34
0x1254,2
0x1256,-6
0x1258,-61
0x125A,-7
0x125C,-8
0x125E,97
0x1260,-95
0x1262,-51
0x1264,3
0x1266,29
0x1268,-99
0x126A,2
0x126C,-54
0x126E,38
0x1270,14
0x1272,66
0x1274,40
0x1276,66
0x1278,17
0x127A,-83
0x127C,23
0x127E,-31
0x1280,-12
0x1282,90
0x1284,-48
0x1286,-39
0x1288,61
0x128A,-22
0x128C,100
0x128E,-44
0x1290,-6
0x1292,-42
0x1294,-48
0x1296,-97
0x1298,-10
0x129A,82
0x129C,69
0x129E,-71
0x12A0,8
0x12A2,-93
0x12A4,38
0x12A6,55
0x12A8,43
0x12AA,-48
0x12AC,52
0x12AE,43
0x12B0,30
0x12B2,-25
0x12B4,50
0x12B6,97
0x12B8,68
0x12BA,-54
0x12BC,-78
0x12BE,-95
0x12C0,-11
0x12C2,-89
0x12C4,-23
0x12C6,-77
0x12C8,-6
0x12CA,-49
0x12CC,10
0x12CE,42
0x12D0,8
0x12D2,98
0x12D4,-2
0x12D6,78
0x12D8,8
0x12DA,-87
0x12DC,-22
0x12DE,90
0x12E0,64
0x12E2,75
0x12E4,-9
0x12E6,-28
0x12E8,-29
0x12EA,48
0x12EC,-62
0x12EE,40
0x12F0,11
0x12F2,-75
0x12F4,80
0x12F6,-18
0x12F8,51
0x12FA,24
0x12FC,29
0x12FE,-31
0x1300,-65
0x1302,-70
0x1304,39
0x1306,60
0x1308,51
0x130A,24
0x130C,45
0x130E,-35
0x1310,-2
0x1312,97
0x1314,-86
0x1316,-56
0x1318,39
0x131A,72
0x131C,49
0x131E,-7
0x1320,66
0x1322,82
0x1324,-17
0x1326,3
0x1328,-10
0x132A,-65
0x132C,20
0x132E,33
0x1330,95
0x1332,6
0x1334,78
0x1336,84
0x1338,-58
0x133A,-90
0x133C,-26
0x133E,-16
0x1340,0
0x1342,58
0x1344,13
0x1346,-62
0x1348,23
0x134A,91
0x134C,68
0x134E,-11
0x1350,19
0x1352,96
0x1354,75
0x1356,57
0x1358,-73
0x135A,-24
0x135C,16
0x135E,-59
0x1360,-15
0x1362,-95
0x1364,-89
0x1366,-95
0x1368,69
0x136A,95
0x136C,-86
0x136E,-40
0x1370,-68
0x1372,45
0x1374,18
0x1376,-61
0x1378,-47
0x137A,6
0x137C,32
0x137E,1
0x1380,-55
0x1382,89
0x1384,31
0x1386,9
0x1388,-96
0x138A,-10
0x138C,-70
0x138E,-16
0x1390,-61
0x1392,30
0x1394,50
0x1396,95
0x1398,24
0x139A,2
0x139C,-70
0x139E,84
0x13A0,35
0x13A2,64
0x13A4,-21
0x13A6,45
0x13A8,-81
0x13AA,-9
0x13AC,-67
0x13AE,22
0x13B0,74
0x13B2,51
0x13B4,-77
0x13B6,-72
0x13B8,-63
0x13BA,98
0x13BC,83
0x13BE,-11
0x13C0,-7
0x13C2,80
0x13C4,91
0x13C6,-65
0x13C8,61
0x13CA,77
0x13CC,-47
0x13CE,-48
0x13D0,-38
0x13D2,-23
0x13D4,80
0x13D6,11
0x13D8,-30
0x13DA,13
0x13DC,30
0x13DE,0
0x13E0,-52
0x13E2,-54
0x13E4,-9
0x13E6,0
0x13E8,33
0x13EA,-38
0x13EC,-72
0x13EE,-47
0x13F0,15
0x13F2,1
0x13F4,-43
0x13F6,29
0x13F8,97
0x13FA,-41
0x13FC,-62
0x13FE,24
0x1400,-15
0x1402,-43
0x1404,22
0x1406,90
0x1408,21
0x140A,27
0x140C,-68
0x140E,-73
0x1410,80
0x1412,-41
0x1414,91
0x1416,-13
0x1418,80
0x141A,-15
0x141C,66
0x141E,-75
0x1420,-29
0x1422,60
0x1424,24
0x1426,-72
0x1428,68
0x142A,-100
0x142C,-89
0x142E,-46
0x1430,8
0x1432,27
0x1434,20
0x1436,-24
0x1438,-26
0x143A,-77
0x143C,-47
0x143E,-4
0x1440,18
0x1442,-74
0x1444,82
0x1446,80
0x1448,-8
0x144A,-91
0x144C,11
0x144E,90
0x1450,5
0x1452,-12
0x1454,45
0x1456,73
0x1458,-89
0x145A,-94
0x145C,-97
0x145E,21
0x1460,-54
0x1462,-54
0x1464,8
0x1466,-65
0x1468,27
0x146A,92
0x146C,24
0x146E,-32
0x1470,-75
0x1472,-54
0x1474,-12
0x1476,-44
0x1478,-68
0x147A,99
0x147C,-14
0x147E,-52
0x1480,22
0x1482,36
0x1484,81
0x1486,21
0x1488,99
0x148A,73
0x148C,45
0x148E,9
0x1490,-15
0x1492,1
0x1494,-57
0x1496,23
0x1498,-69
0x149A,12
0x149C,73
0x149E,19
0x14A0,-64
0x14A2,56
0x14A4,100
0x14A6,65
0x14A8,20
0x14AA,-12
0x14AC,63
0x14AE,-56
0x14B0,72
0x14B2,-59
0x14B4,71
0x14B6,55
0x14B8,98
0x14BA,-74
0x14BC,71
0x14BE,-67
0x14C0,-20
0x14C2,-70
0x14C4,-73
0x14C6,-41
0x14C8,1
0x14CA,-24
0x14CC,-47
0x14CE,-62
0x14D0,-58
0x14D2,-88
0x14D4,96
0x14D6,-14
0x14D8,-78
0x14DA,-56
0x14DC,-47
0x14DE,-29
0x14E0,49
0x14E2,-23
0x14E4,-84
0x14E6,-50
0x14E8,44
0x14EA,-89
0x14EC,63
0x14EE,27
0x14F0,-96
0x14F2,-34
0x14F4,-62
0x14F6,63
0x14F8,-46
0x14FA,68
0x14FC,94
0x14FE,37
0x1500,-14
0x1502,62
0x1504,77
0x1506,92
0x1508,-50
0x150A,-97
0x150C,-7
0x150E,94
0x1510,48
0x1512,-37
0x1514,-62
0x1516,-37
0x1518,-20
0x151A,-57
0x151C,2
0x151E,-52
0x1520,43
0x1522,-73
0x1524,56
0x1526,51
0x1528,-93
0x152A,58
0x152C,-16
0x152E,-89
0x1530,15
0x1532,-59
0x1534,57
0x1536,47
0x1538,86
0x153A,-91
0x153C,-32
0x153E,-29
0x1540,19
0x1542,-96
0x1544,-24
0x1546,-35
0x1548,35
0x154A,-96
0x154C,79
0x154E,-24
0x1550,1
0x1552,45
0x1554,-98
0x1556,-36
0x1558,87
0x155A,98
0x155C,52
0x155E,99
0x1560,-58
0x1562,17
0x1564,-88
0x1566,33
0x1568,-63
0x156A,-8
0x156C,90
0x156E,-64
0x1570,-54
0x1572,-23
0x1574,14
0x1576,-32
0x1578,-18
0x157A,81
0x157C,-75
0x157E,15
0x1580,-100
0x1582,67
0x1584,-32
0x1586,-45
0x1588,18
0x158A,-95
0x158C,-33
0x158E,81
0x1590,62
0x1592,36
0x1594,65
0x1596,-92
0x1598,-100
0x159A,-50
0x159C,77
0x159E,-88
0x15A0,21
0x15A2,80
0x15A4,-23
0x15A6,-88
0x15A8,-7
0x15AA,-66
0x15AC,-67
0x15AE,-18
0x15B0,-29
0x15B2,44
0x15B4,83
0x15B6,-23
0x15B8,-97
0x15BA,-52
0x15BC,-14
0x15BE,60
0x15C0,-14
0x15C2,-45
0x15C4,15
0x15C6,-92
0x15C8,16
0x15CA,10
0x15CC,-77
0x15CE,89
0x15D0,89
0x15D2,52
0x15D4,100
0x15D6,57
0x15D8,-19
0x15DA,-7
0x15DC,97
0x15DE,-59
0x15E0,24
0x15E2,-51
0x15E4,-76
0x15E6,-100
0x15E8,-61
0x15EA,97
0x15EC,-2
0x15EE,61
0x15F0,-9
0x15F2,82
0x15F4,76
0x15F6,-83
0x15F8,76
0x15FA,100
0x15FC,40
0x15FE,75
0x1600,0
0x1602,-64
0x1604,77
0x1606,-42
0x1608,-40
0x160A,-4
0x160C,67
0x160E,-66
0x1610,50
0x1612,26
0x1614,63
0x1616,59
0x1618,62
0x161A,-76
0x161C,20
0x161E,93
0x1620,50
0x1622,-47
0x1624,44
0x1626,26
0x1628,2
0x162A,63
0x162C,-10
0x162E,24
0x1630,10
0x1632,-76
0x1634,18
0x1636,-17
0x1638,-53
0x163A,70
0x163C,-59
0x163E,100
0x1640,27
0x1642,-24
0x1644,1
0x1646,42
0x1648,-2
0x164A,-36
0x164C,-43
0x164E,-18
0x1650,-24
0x1652,26
0x1654,50
0x1656,-70
0x1658,41
0x165A,-1
0x165C,61
0x165E,-42
0x1660,-42
0x1662,100
0x1664,1
0x1666,-39
0x1668,-71
0x166A,57
0x166C,5
0x166E,-69
0x1670,23
0x1672,-10
0x1674,77
0x1676,72
0x1678,92
0x167A,-11
0x167C,-45
0x167E,66
0x1680,-19
0x1682,13
0x1684,-27
0x1686,51
0x1688,59
0x168A,-20
0x168C,78
0x168E,-65
0x1690,-53
0x1692,17
0x1694,18
0x1696,56
0x1698,71
0x169A,-11
0x169C,27
0x169E,8
0x16A0,-36
0x16A2,-3
0x16A4,94
0x16A6,40
0x16A8,70
0x16AA,38
0x16AC,-44
0x16AE,3
0x16B0,-68
0x16B2,-3
0x16B4,70
0x16B6,-20
0x16B8,-9
0x16BA,-75
0x16BC,6
0x16BE,56
0x16C0,24
0x16C2,-91
0x16C4,21
0x16C6,-67
0x16C8,14
0x16CA,50
0x16CC,-18
0x16CE,32
0x16D0,-41
0x16D2,-88
0x16D4,1
0x16D6,-89
0x16D8,22
0x16DA,-96
0x16DC,82
0x16DE,10
0x16E0,-33
0x16E2,-63
0x16E4,48
0x16E6,96
0x16E8,20
0x16EA,-50
0x16EC,67
0x16EE,-89
0x16F0,67
0x16F2,-88
0x16F4,92
0x16F6,-83
0x16F8,78
0x16FA,-65
0x16FC,-86
0x16FE,-68
0x1700,58
0x1702,100
0x1704,-21
0x1706,57
0x1708,61
0x170A,-35
0x170C,-85
0x170E,30
0x1710,49
0x1712,55
0x1714,94
0x1716,-56
0x1718,81
0x171A,97
0x171C,29
0x171E,-88
0x1720,-13
0x1722,37
0x1724,-7
0x1726,-77
0x1728,-95
0x172A,60
0x172C,40
0x172E,62
0x1730,49
0x1732,40
0x1734,-80
0x1736,-41
0x1738,98
0x173A,88
0x173C,60
0x173E,43
0x1740,82
0x1742,68
0x1744,-18
0x1746,34
0x1748,56
0x174A,-93
0x174C,-64
0x174E,-90
0x1750,-94
0x1752,37
0x1754,33
0x1756,-33
0x1758,-95
0x175A,-23
0x175C,-85
0x175E,18
0x1760,-70
0x1762,69
0x1764,-77
0x1766,92
0x1768,-51
0x176A,-16
0x176C,80
0x176E,12
0x1770,76
0x1772,-90
0x1774,86
0x1776,49
0x1778,-29
0x177A,12
0x177C,-85
0x177E,66
0x1780,33
0x1782,-18
0x1784,-86
0x1786,100
0x1788,-70
0x178A,39
0x178C,-47
0x178E,-43
0x1790,-86
0x1792,-98
0x1794,-34
0x1796,77
0x1798,66
0x179A,57
0x179C,71
0x179E,37
0x17A0,-38
0x17A2,28
0x17A4,-89
0x17A6,-35
0x17A8,-66
0x17AA,-63
0x17AC,-29
0x17AE,22
0x17B0,-31
0x17B2,-12
0x17B4,67
0x17B6,83
0x17B8,-57
0x17BA,-29
0x17BC,-6
0x17BE,6
0x17C0,-11
0x17C2,6
0x17C4,81
0x17C6,-16
0x17C8,73
0x17CA,-54
0x17CC,-81
0x17CE,-8
0x17D0,1
0x17D2,99
0x17D4,20
0x17D6,-59
0x17D8,94
0x17DA,83
0x17DC,-91
0x17DE,-77
0x17E0,66
0x17E2,54
0x17E4,-26
0x17E6,92
0x17E8,-65
0x17EA,97
0x17EC,-59
0x17EE,40
0x17F0,-75
0x17F2,-93
0x17F4,17
0x17F6,-6
0x17F8,-86
0x17FA,-71
0x17FC,-62
0x17FE,-34
0x1800,2
0x1802,-69
0x1804,-30
0x1806,-7
0x1808,-61
0x180A,5
0x180C,-37
0x180E,-10
0x1810,58
0x1812,-8
0x1814,-83
0x1816,-7
0x1818,64
0x181A,-2
0x181C,40
0x181E,-51
0x1820,46
0x1822,-60
0x1824,75
0x1826,64
0x1828,-51
0x182A,-48
0x182C,-52
0x182E,-60
0x1830,-100
0x1832,28
0x1834,12
0x1836,-17
0x1838,36
0x183A,-51
0x183C,-79
0x183E,79
0x1840,40
0x1842,56
0x1844,64
0x1846,37
0x1848,6
0x184A,-74
0x184C,71
0x184E,20
0x1850,-92
0x1852,81
0x1854,21
0x1856,20
0x1858,-39
0x185A,-42
0x185C,-75
0x185E,-16
0x1860,59
0x1862,100
0x1864,-63
0x1866,-85
0x1868,21
0x186A,-26
0x186C,-7
0x186E,93
0x1870,81
0x1872,83
0x1874,-53
0x1876,-12
0x1878,-32
0x187A,-42
0x187C,91
0x187E,-49
0x1880,4
0x1882,58
0x1884,19
0x1886,15
0x1888,85
0x188A,16
0x188C,29
0x188E,-51
0x1890,-47
0x1892,66
0x1894,92
0x1896,67
0x1898,97
0x189A,-43
0x189C,-10
0x189E,-24
0x18A0,79
0x18A2,-44
0x18A4,-92
0x18A6,-16
0x18A8,63
0x18AA,6
0x18AC,95
0x18AE,49
0x18B0,69
0x18B2,-81
0x18B4,99
0x18B6,-69
0x18B8,79
0x18BA,-20
0x18BC,-100
0x18BE,37
0x18C0,5
0x18C2,46
0x18C4,5
0x18C6,17
0x18C8,-96
0x18CA,-88
0x18CC,-55
0x18CE,61
0x18D0,98
0x18D2,-38
0x18D4,2
0x18D6,66
0x18D8,-12
0x18DA,-23
0x18DC,-45
0x18DE,-83
0x18E0,100
0x18E2,-95
0x18E4,33
0x18E6,-94
0x18E8,34
0x18EA,-46
0x18EC,11
0x18EE,-20
0x18F0,-16
0x18F2,-62
0x18F4,-91
0x18F6,-8
0x18F8,-29
0x18FA,-66
0x18FC,-49
0x18FE,-82
0x1900,-92
0x1902,36
0x1904,69
0x1906,10
0x1908,-29
0x190A,-37
0x190C,-56
0x190E,-70
0x1910,-45
0x1912,2
0x1914,66
0x1916,-74
0x1918,-91
0x191A,-37
0x191C,-41
0x191E,27
0x1920,8
0x1922,-18
0x1924,68
0x1926,50
0x1928,-4
0x192A,25
0x192C,-40
0x192E,64
0x1930,-87
0x1932,58
0x1934,67
0x1936,43
0x1938,58
0x193A,95
0x193C,27
0x193E,8
0x1940,-95
0x1942,-25
0x1944,-16
0x1946,99
0x1948,10
0x194A,42
0x194C,18
0x194E,-26
0x1950,-32
0x1952,-79
0x1954,-71
0x1956,12
0x1958,-9
0x195A,-13
0x195C,-29
0x195E,13
0x1960,70
0x1962,34
0x1964,36
0x1966,-100
0x1968,-26
0x196A,52
0x196C,-8
0x196E,-69
0x1970,15
0x1972,60
0x1974,-21
0x1976,-77
0x1978,32
0x197A,-69
0x197C,-74
0x197E,98
0x1980,-39
0x1982,-83
0x1984,-22
0x1986,76
0x1988,-61
0x198A,36
0x198C,71
0x198E,89
0x1990,-41
0x1992,52
0x1994,-57
0x1996,74
0x1998,82
0x199A,63
0x199C,-98
0x199E,-23
0x19A0,87
0x19A2,-77
0x19A4,-75
0x19A6,-19
0x19A8,-70
0x19AA,-92
0x19AC,62
0x19AE,2
0x19B0,2
0x19B2,87
0x19B4,-55
0x19B6,-92
0x19B8,-42
0x19BA,-59
0x19BC,-23
0x19BE,-75
0x19C0,-16
0x19C2,-70
0x19C4,-16
0x19C6,-88
0x19C8,33
0x19CA,-1
0x19CC,80
0x19CE,85
0x19D0,17
0x19D2,-35
0x19D4,91
0x19D6,-26
0x19D8,-93
0x19DA,-54
0x19DC,-47
0x19DE,29
0x19E0,-87
0x19E2,-44
0x19E4,47
0x19E6,-86
0x19E8,100
0x19EA,28
0x19EC,-9
0x19EE,-68
0x19F0,38
0x19F2,-95
0x19F4,37
0x19F6,55
0x19F8,-78
0x19FA,-24
0x19FC,-10
0x19FE,-69
0x1A00,-78
0x1A02,-52
0x1A04,-74
0x1A06,18
0x1A08,51
0x1A0A,95
0x1A0C,-77
0x1A0E,54
0x1A10,-53
0x1A12,63
0x1A14,58
0x1A16,-86
0x1A18,-77
0x1A1A,48
0x1A1C,71
0x1A1E,78
0x1A20,-31
0x1A22,-8
0x1A24,-60
0x1A26,-66
0x1A28,-51
0x1A2A,-79
0x1A2C,92
0x1A2E,-1
0x1A30,1
0x1A32,12
0x1A34,-75
0x1A36,-83
0x1A38,14
0x1A3A,-28
0x1A3C,-41
0x1A3E,100
0x1A40,15
0x1A42,63
0x1A44,-30
0x1A46,84
0x1A48,-6
0x1A4A,-41
0x1A4C,-8
0x1A4E,-72
0x1A50,-31
0x1A52,84
0x1A54,-11
0x1A56,7
0x1A58,46
0x1A5A,39
0x1A5C,-86
0x1A5E,-14
0x1A60,68
0x1A62,88
0x1A64,-28
0x1A66,-65
0x1A68,90
0x1A6A,-44
0x1A6C,-48
0x1A6E,-14
0x1A70,27
0x1A72,-65
0x1A74,44
0x1A76,81
0x1A78,0
0x1A7A,43
0x1A7C,-23
0x1A7E,60
0x1A80,-100
0x1A82,36
0x1A84,-3
0x1A86,-25
0x1A88,42
0x1A8A,-74
0x1A8C,63
0x1A8E,-94
0x1A90,71
0x1A92,63
0x1A94,22
0x1A96,-29
0x1A98,10
0x1A9A,-21
0x1A9C,-87
0x1A9E,-69
0x1AA0,19
0x1AA2,24
0x1AA4,92
0x1AA6,-72
0x1AA8,99
0x1AAA,80
0x1AAC,97
0x1AAE,-93
0x1AB0,-80
0x1AB2,-73
0x1AB4,-74
0x1AB6,31
0x1AB8,43
0x1ABA,-92
0x1ABC,-38
0x1ABE,37
0x1AC0,51
0x1AC2,70
0x1AC4,69
0x1AC6,-25
0x1AC8,-96
0x1ACA,85
0x1ACC,-49
0x1ACE,-75
0x1AD0,96
0x1AD2,-86
0x1AD4,-31
0x1AD6,30
0x1AD8,56
0x1ADA,47
0x1ADC,8
0x1ADE,-14
0x1AE0,84
0x1AE2,1
0x1AE4,-54
0x1AE6,81
0x1AE8,98
0x1AEA,84
0x1AEC,-67
0x1AEE,-22
0x1AF0,-90
0x1AF2,62
0x1AF4,-62
0x1AF6,-33
0x1AF8,17
0x1AFA,-44
0x1AFC,33
0x1AFE,51
0x1B00,100
0x1B02,-37
0x1B04,97
0x1B06,23
0x1B08,71
0x1B0A,-65
0x1B0C,24
0x1B0E,100
0x1B10,50
0x1B12,16
0x1B14,14
0x1B16,61
0x1B18,-3
0x1B1A,50
0x1B1C,-71
0x1B1E,43
0x1B20,-64
0x1B22,-71
0x1B24,-82
0x1B26,-35
0x1B28,58
0x1B2A,-13
0x1B2C,-33
0x1B2E,10
0x1B30,31
0x1B32,24
0x1B34,-96
0x1B36,-35
0x1B38,-73
0x1B3A,-11
0x1B3C,-64
0x1B3E,-76
0x1B40,94
0x1B42,73
0x1B44,23
0x1B46,-55
0x1B48,-5
0x1B4A,42
0x1B4C,98
0x1B4E,-48
0x1B50,-96
0x1B52,51
0x1B54,20
0x1B56,-38
0x1B58,76
0x1B5A,40
0x1B5C,8
0x1B5E,62
0x1B60,13
0x1B62,-6
0x1B64,1
0x1B66,-42
0x1B68,36
0x1B6A,-28
0x1B6C,-31
0x1B6E,9
0x1B70,58
0x1B72,7
0x1B74,-4
0x1B76,-88
0x1B78,-33
0x1B7A,-81
0x1B7C,2
0x1B7E,82
0x1B80,-40
0x1B82,77
0x1B84,-95
0x1B86,-25
0x1B88,-95
0x1B8A,-79
0x1B8C,-7
0x1B8E,-43
0x1B90,-96
0x1B92,17
0x1B94,62
0x1B96,17
0x1B98,-94
0x1B9A,80
0x1B9C,-70
0x1B9E,-19
0x1BA0,17
0x1BA2,-84
0x1BA4,1
0x1BA6,-57
0x1BA8,15
0x1BAA,-70
0x1BAC,53
0x1BAE,10
0x1BB0,-40
0x1BB2,-35
0x1BB4,-15
0x1BB6,-10
0x1BB8,-9
0x1BBA,-8
0x1BBC,94
0x1BBE,40
0x1BC0,37
0x1BC2,-16
0x1BC4,3
0x1BC6,48
0x1BC8,18
0x1BCA,40
0x1BCC,88
0x1BCE,-4
0x1BD0,31
0x1BD2,38
0x1BD4,-66
0x1BD6,72
0x1BD8,-25
0x1BDA,-41
0x1BDC,-50
0x1BDE,91
0x1BE0,-90
0x1BE2,14
0x1BE4,-54
0x1BE6,-35
0x1BE8,7
0x1BEA,53
0x1BEC,-46
0x1BEE,-47
0x1BF0,-42
0x1BF2,86
0x1BF4,-48
0x1BF6,19
0x1BF8,-58
0x1BFA,84
0x1BFC,-64
0x1BFE,36
0x1C00,-41
0x1C02,65
0x1C04,8
0x1C06,-38
0x1C08,80
0x1C0A,-67
0x1C0C,20
0x1C0E,-37
0x1C10,36
0x1C12,-46
0x1C14,-43
0x1C16,17
0x1C18,5
0x1C1A,-25
0x1C1C,-64
0x1C1E,-42
0x1C20,-78
0x1C22,51
0x1C24,36
0x1C26,0
0x1C28,39
0x1C2A,75
0x1C2C,-14
0x1C2E,-45
0x1C30,90
0x1C32,-71
0x1C34,91
0x1C36,-92
0x1C38,-96
0x1C3A,4
0x1C3C,-13
0x1C3E,18
0x1C40,35
0x1C42,32
0x1C44,-86
0x1C46,71
0x1C48,1
0x1C4A,61
0x1C4C,-35
0x1C4E,-50
0x1C50,53
0x1C52,93
0x1C54,32
0x1C56,-1
0x1C58,97
0x1C5A,-52
0x1C5C,-32
0x1C5E,-56
0x1C60,45
0x1C62,-17
0x1C64,22
0x1C66,-66
0x1C68,-30
0x1C6A,-20
0x1C6C,-33
0x1C6E,65
0x1C70,7
0x1C72,-59
0x1C74,83
0x1C76,90
0x1C78,52
0x1C7A,-90
0x1C7C,-48
0x1C7E,30
0x1C80,-2
0x1C82,-82
0x1C84,21
0x1C86,-75
0x1C88,86
0x1C8A,-86
0x1C8C,-10
0x1C8E,76
0x1C90,-6
0x1C92,28
0x1C94,-96
0x1C96,7
0x1C98,-34
0x1C9A,30
0x1C9C,-97
0x1C9E,-62
0x1CA0,18
0x1CA2,77
0x1CA4,-46
0x1CA6,7
0x1CA8,-89
0x1CAA,-60
0x1CAC,19
0x1CAE,68
0x1CB0,75
0x1CB2,27
0x1CB4,99
0x1CB6,11
0x1CB8,100
0x1CBA,68
0x1CBC,-47
0x1CBE,71
0x1CC0,-29
0x1CC2,54
0x1CC4,35
0x1CC6,23
0x1CC8,-8
0x1CCA,-49
0x1CCC,-93
0x1CCE,-68
0x1CD0,28
0x1CD2,71
0x1CD4,-1
0x1CD6,56
0x1CD8,-37
0x1CDA,16
0x1CDC,2
0x1CDE,-26
0x1CE0,88
0x1CE2,-17
0x1CE4,75
0x1CE6,31
0x1CE8,56
0x1CEA,37
0x1CEC,17
0x1CEE,9
0x1CF0,19
0x1CF2,6
0x1CF4,-43
0x1CF6,40
0x1CF8,88
0x1CFA,87
0x1CFC,-18
0x1CFE,59
0x1D00,-84
0x1D02,13
0x1D04,12
0x1D06,72
0x1D08,-80
0x1D0A,41
0x1D0C,-24
0x1D0E,-12
0x1D10,-71
0x1D12,28
0x1D14,-15
0x1D16,18
0x1D18,-26
0x1D1A,-28
0x1D1C,-80
0x1D1E,61
0x1D20,28
0x1D22,35
0x1D24,91
0x1D26,-100
0x1D28,-40
0x1D2A,64
0x1D2C,-76
0x1D2E,27
0x1D30,-64
0x1D32,2
0x1D34,65
0x1D36,68
0x1D38,37
0x1D3A,-68
0x1D3C,-3
0x1D3E,95
0x1D40,63
0x1D42,-62
0x1D44,-48
0x1D46,-60
0x1D48,89
0x1D4A,-3
0x1D4C,99
0x1D4E,13
0x1D50,-100
0x1D52,37
0x1D54,46
0x1D56,-40
0x1D58,50
0x1D5A,10
0x1D5C,-1
0x1D5E,36
0x1D60,87
0x1D62,15
0x1D64,88
0x1D66,14
0x1D68,62
0x1D6A,-21
0x1D6C,-22
0x1D6E,-71
0x1D70,71
0x1D72,31
0x1D74,-40
0x1D76,-38
0x1D78,-24
0x1D7A,-16
0x1D7C,-37
0x1D7E,-38
0x1D80,70
0x1D82,-91
0x1D84,-23
0x1D86,-38
0x1D88,58
0x1D8A,-88
0x1D8C,99
0x1D8E,-53
0x1D90,-11
0x1D92,-47
0x1D94,2
0x1D96,17
0x1D98,-48
0x1D9A,86
0x1D9C,70
0x1D9E,-13
0x1DA0,15
0x1DA2,83
0x1DA4,38
0x1DA6,-96
0x1DA8,-5
0x1DAA,-87
0x1DAC,-67
0x1DAE,53
0x1DB0,-84
0x1DB2,70
0x1DB4,82
0x1DB6,96
0x1DB8,54
0x1DBA,-13
0x1DBC,-84
0x1DBE,46
0x1DC0,-94
0x1DC2,-73
0x1DC4,-73
0x1DC6,48
0x1DC8,37
0x1DCA,-32
0x1DCC,-82
0x1DCE,-43
0x1DD0,5
0x1DD2,99
0x1DD4,56
0x1DD6,-85
0x1DD8,-91
0x1DDA,22
0x1DDC,28
0x1DDE,-43
0x1DE0,-65
0x1DE2,17
0x1DE4,54
0x1DE6,57
0x1DE8,-5
0x1DEA,-25
0x1DEC,31
0x1DEE,-79
0x1DF0,-95
0x1DF2,61
0x1DF4,85
0x1DF6,49
0x1DF8,-45
0x1DFA,-89
0x1DFC,4
0x1DFE,-50
0x1E00,-22
0x1E02,-10
0x1E04,-39
0x1E06,-8
0x1E08,83
0x1E0A,2
0x1E0C,-14
0x1E0E,-40
0x1E10,55
0x1E12,-51
0x1E14,38
0x1E16,-72
0x1E18,6
0x1E1A,29
0x1E1C,54
0x1E1E,2
0x1E20,-23
0x1E22,-57
0x1E24,80
0x1E26,23
0x1E28,66
0x1E2A,50
0x1E2C,-48
0x1E2E,20
0x1E30,-5
0x1E32,36
0x1E34,29
0x1E36,98
0x1E38,83
0x1E3A,-64
0x1E3C,50
0x1E3E,-15
0x1E40,-80
0x1E42,94
0x1E44,53
0x1E46,20
0x1E48,73
0x1E4A,56
0x1E4C,-4
0x1E4E,-15
0x1E50,-37
0x1E52,-2
0x1E54,-65
0x1E56,-35
0x1E58,74
0x1E5A,-34
0x1E5C,-65
0x1E5E,85
0x1E60,92
0x1E62,85
0x1E64,46
0x1E66,-73
0x1E68,42
0x1E6A,59
0x1E6C,-61
0x1E6E,-73
0x1E70,19
0x1E72,80
0x1E74,-79
0x1E76,20
0x1E78,18
0x1E7A,90
0x1E7C,52
0x1E7E,34
0x1E80,-32
0x1E82,65
0x1E84,-31
0x1E86,96
0x1E88,-81
0x1E8A,49
0x1E8C,-27
0x1E8E,-72
0x1E90,2
0x1E92,13
0x1E94,-77
0x1E96,-85
0x1E98,29
0x1E9A,48
0x1E9C,39
0x1E9E,67
0x1EA0,58
0x1EA2,74
0x1EA4,-47
0x1EA6,25
0x1EA8,92
0x1EAA,73
0x1EAC,-30
0x1EAE,15
0x1EB0,-13
0x1EB2,-57
0x1EB4,-32
0x1EB6,-90
0x1EB8,-15
0x1EBA,-25
0x1EBC,-100
0x1EBE,65
0x1EC0,40
0x1EC2,-84
0x1EC4,-47
0x1EC6,-35
0x1EC8,-9
0x1ECA,59
0x1ECC,7
0x1ECE,42
0x1ED0,34
0x1ED2,-49
0x1ED4,36
0x1ED6,76
0x1ED8,-67
0x1EDA,-17
0x1EDC,-77
0x1EDE,31
0x1EE0,37
0x1EE2,15
0x1EE4,-100
0x1EE6,-76
0x1EE8,82
0x1EEA,-44
0x1EEC,25
0x1EEE,-43
0x1EF0,86
0x1EF2,-10
0x1EF4,-40
0x1EF6,-26
0x1EF8,22
0x1EFA,-54
0x1EFC,-12
0x1EFE,-79
0x1F00,-26
0x1F02,-51
0x1F04,-54
0x1F06,-23
0x1F08,-86
0x1F0A,36
0x1F0C,29
0x1F0E,18
0x1F10,-6
0x1F12,82
0x1F14,-30
0x1F16,-50
0x1F18,75
0x1F1A,-61
0x1F1C,39
0x1F1E,94
0x1F20,50
0x1F22,-97
0x1F24,93
0x1F26,69
0x1F28,-56
0x1F2A,-57
0x1F2C,-97
0x1F2E,91
0x1F30,70
0x1F32,-45
0x1F34,-99
0x1F36,29
0x1F38,-32
0x1F3A,-10
0x1F3C,24
0x1F3E,-12
0x1F40,-52
0x1F42,94
0x1F44,-30
0x1F46,-60
0x1F48,-91
0x1F4A,-53
0x1F4C,0
0x1F4E,92
0x1F50,12
0x1F52,75
0x1F54,67
0x1F56,-63
0x1F58,-17
0x1F5A,-28
0x1F5C,-47
0x1F5E,73
0x1F60,-12
0x1F62,60
0x1F64,-46
0x1F66,45
0x1F68,-35
0x1F6A,-32
0x1F6C,62
0x1F6E,85
0x1F70,-79
0x1F72,86
0x1F74,-20
0x1F76,74
0x1F78,2
0x1F7A,87
0x1F7C,-24
0x1F7E,-20
0x1F80,53
0x1F82,-37
0x1F84,-43
0x1F86,6
0x1F88,-99
0x1F8A,47
0x1F8C,11
0x1F8E,1
0x1F90,-65
0x1F92,29
0x1F94,-94
0x1F96,-35
0x1F98,39
0x1F9A,-22
0x1F9C,-14
0x1F9E,77
0x1FA0,39
0x1FA2,-21
0x1FA4,32
0x1FA6,-39
0x1FA8,41
0x1FAA,-38
0x1FAC,4
0x1FAE,4
0x1FB0,-13
0x1FB2,-66
0x1FB4,-54
0x1FB6,-56
0x1FB8,84
0x1FBA,9
0x1FBC,51
0x1FBE,38
0x1FC0,51
0x1FC2,86
0x1FC4,27
0x1FC6,-83
0x1FC8,64
0x1FCA,-86
0x1FCC,22
0x1FCE,-33
0x1FD0,72
0x1FD2,-61
0x1FD4,-90
0x1FD6,-59
0x1FD8,-27
0x1FDA,67
0x1FDC,74
0x1FDE,73
0x1FE0,1
0x1FE2,36
0x1FE4,61
0x1FE6,5
0x1FE8,79
0x1FEA,54
0x1FEC,-84
0x1FEE,99
0x1FF0,-96
0x1FF2,-91
0x1FF4,-77
0x1FF6,89
0x1FF8,-37
0x1FFA,-10
0x1FFC,39
0x1FFE,5
0x2000,-37
0x2002,56
0x2004,97
0x2006,89
0x2008,-63
0x200A,17
0x200C,-4
0x200E,-16
0x2010,29
0x2012,-91
0x2014,-37
0x2016,73
0x2018,-85
0x201A,46
0x201C,94
0x201E,60
0x2020,-55
0x2022,50
0x2024,-81
0x2026,-60
0x2028,-95
0x202A,80
0x202C,4
0x202E,29
0x2030,77
0x2032,13
0x2034,-73
0x2036,35
0x2038,-96
0x203A,-20
0x203C,11
0x203E,21
0x2040,7
0x2042,-34
0x2044,-12
0x2046,96
0x2048,-43
0x204A,-84
0x204C,-31
0x204E,-5
0x2050,2
0x2052,-11
0x2054,67
0x2056,-30
0x2058,-30
0x205A,22
0x205C,-90
0x205E,-9
0x2060,-79
0x2062,36
0x2064,81
0x2066,9
0x2068,86
0x206A,34
0x206C,-6
0x206E,-9
0x2070,55
0x2072,19
0x2074,-62
0x2076,-42
0x2078,-30
0x207A,-18
0x207C,8
0x207E,-24
0x2080,-36
0x2082,-75
0x2084,-81
0x2086,-83
0x2088,42
0x208A,71
0x208C,90
0x208E,53
0x2090,66
0x2092,-21
0x2094,72
0x2096,96
0x2098,-8
0x209A,-50
0x209C,40
0x209E,83
0x20A0,-91
0x20A2,-19
0x20A4,-10
0x20A6,-55
0x20A8,30
0x20AA,43
0x20AC,77
0x20AE,-94
0x20B0,58
0x20B2,-41
0x20B4,71
0x20B6,-46
0x20B8,48
0x20BA,17
0x20BC,-56
0x20BE,55
0x20C0,59
0x20C2,25
0x20C4,10
0x20C6,-89
0x20C8,38
0x20CA,-45
0x20CC,-89
0x20CE,-49
0x20D0,11
0x20D2,-73
0x20D4,-98
0x20D6,45
0x20D8,-56
0x20DA,29
0x20DC,20
0x20DE,64
0x20E0,56
0x20E2,-13
0x20E4,-11
0x20E6,13
0x20E8,12
0x20EA,-89
0x20EC,-3
0x20EE,-28
0x20F0,89
0x20F2,-73
0x20F4,47
0x20F6,-47
0x20F8,95
0x20FA,-93
0x20FC,-51
0x20FE,5
0x2100,-61
0x2102,-46
0x2104,84
0x2106,-87
0x2108,-73
0x210A,-70
0x210C,-40
0x210E,-9
0x2110,84
0x2112,46
0x2114,-56
0x2116,46
0x2118,61
0x211A,25
0x211C,-50
0x211E,52
0x2120,-54
0x2122,-45
0x2124,86
0x2126,-56
0x2128,-72
0x212A,-20
0x212C,-33
0x212E,-47
0x2130,-84
0x2132,5
0x2134,-25
0x2136,28
0x2138,58
0x213A,71
0x213C,25
0x213E,-79
0x2140,2
0x2142,-24
0x2144,73
0x2146,-20
0x2148,-98
0x214A,47
0x214C,76
0x214E,-5
0x2150,48
0x2152,-45
0x2154,-61
0x2156,-49
0x2158,44
0x215A,82
0x215C,-51
0x215E,-2
0x2160,20
0x2162,84
0x2164,-31
0x2166,-68
0x2168,16
0x216A,96
0x216C,21
0x216E,23
0x2170,-12
0x2172,-74
0x2174,30
0x2176,-87
0x2178,-89
0x217A,-92
0x217C,-95
0x217E,-6
0x2180,74
0x2182,-58
0x2184,32
0x2186,-68
0x2188,-5
0x218A,95
0x218C,55
0x218E,-45
0x2190,85
0x2192,-17
0x2194,-76
0x2196,54
0x2198,81
0x219A,-16
0x219C,-98
0x219E,49
0x21A0,-87
0x21A2,-40
0x21A4,-69
0x21A6,35
0x21A8,-83
0x21AA,-18
0x21AC,-15
0x21AE,-39
0x21B0,74
0x21B2,5
0x21B4,13
0x21B6,34
0x21B8,9
0x21BA,-44
0x21BC,-2
0x21BE,92
0x21C0,6
0x21C2,47
0x21C4,-46
0x21C6,62
0x21C8,-22
0x21CA,-40
0x21CC,34
0x21CE,41
0x21D0,-66
0x21D2,0
0x21D4,-48
0x21D6,11
0x21D8,-52
0x21DA,21
0x21DC,-2
0x21DE,73
0x21E0,-82
0x21E2,57
0x21E4,-24
0x21E6,43
0x21E8,-12
0x21EA,-40
0x21EC,94
0x21EE,-41
0x21F0,60
0x21F2,96
0x21F4,-20
0x21F6,47
0x21F8,-77
0x21FA,100
0x21FC,3
0x21FE,-96
0x2200,56
0x2202,75
0x2204,-47
0x2206,-24
0x2208,82
0x220A,-92
0x220C,-61
0x220E,-90
0x2210,55
0x2212,-81
0x2214,-17
0x2216,44
0x2218,-4
0x221A,-3
0x221C,8
0x221E,20
0x2220,22
0x2222,34
0x2224,-32
0x2226,8
0x2228,100
0x222A,44
0x222C,-45
0x222E,-19
0x2230,-84
0x2232,81
0x2234,67
0x2236,-43
0x2238,-56
0x223A,1
0x223C,17
0x223E,65
0x2240,82
0x2242,61
0x2244,56
0x2246,96
0x2248,-73
0x224A,82
0x224C,-46
0x224E,-15
0x2250,-28
0x2252,-10
0x2254,15
0x2256,36
0x2258,61
0x225A,-42
0x225C,22
0x225E,79
0x2260,-18
0x2262,-18
0x2264,-10
0x2266,18
0x2268,-12
0x226A,4
0x226C,-95
0x226E,19
0x2270,88
0x2272,-51
0x2274,97
0x2276,92
0x2278,-98
0x227A,66
0x227C,37
0x227E,24
0x2280,-38
0x2282,-71
0x2284,-92
0x2286,-15
0x2288,-93
0x228A,-20
0x228C,20
0x228E,44
0x2290,38
0x2292,89
0x2294,88
0x2296,39
0x2298,-77
0x229A,-18
0x229C,-17
0x229E,52
0x22A0,-5
0x22A2,0
0x22A4,40
0x22A6,-52
0x22A8,15
0x22AA,-21
0x22AC,-7
0x22AE,92
0x22B0,66
0x22B2,43
0x22B4,-70
0x22B6,-14
0x22B8,-76
0x22BA,68
0x22BC,-14
0x22BE,57
0x22C0,98
0x22C2,-85
0x22C4,83
0x22C6,64
0x22C8,-96
0x22CA,40
0x22CC,30
0x22CE,-95
0x22D0,49
0x22D2,67
0x22D4,-85
0x22D6,72
0x22D8,-57
0x22DA,-39
0x22DC,90
0x22DE,91
0x22E0,-90
0x22E2,32
0x22E4,-62
0x22E6,27
0x22E8,25
0x22EA,53
0x22EC,-89
0x22EE,-37
0x22F0,65
0x22F2,-30
0x22F4,-51
0x22F6,-15
0x22F8,40
0x22FA,-93
0x22FC,-53
0x22FE,27
0x2300,64
0x2302,-99
0x2304,89
0x2306,-65
0x2308,-6
0x230A,25
0x230C,99
0x230E,-7
0x2310,-20
0x2312,29
0x2314,73
0x2316,92
0x2318,-77
0x231A,-80
0x231C,-52
0x231E,-50
0x2320,84
0x2322,-19
0x2324,-49
0x2326,-4
0x2328,-50
0x232A,-48
0x232C,60
0x232E,-94
0x2330,-99
0x2332,-17
0x2334,18
0x2336,97
0x2338,-63
0x233A,66
0x233C,36
0x233E,-71
0x2340,66
0x2342,-35
0x2344,27
0x2346,-55
0x2348,-99
0x234A,-56
0x234C,59
0x234E,18
0x2350,17
0x2352,-30
0x2354,-67
0x2356,83
0x2358,-70
0x235A,9
0x235C,-94
0x235E,-65
0x2360,-14
0x2362,-97
0x2364,-60
0x2366,-96
0x2368,6
0x236A,-68
0x236C,17
0x236E,15
0x2370,-74
0x2372,-1
0x2374,-7
0x2376,91
0x2378,-92
0x237A,1
0x237C,-49
0x237E,-57
0x2380,-79
0x2382,33
0x2384,-89
0x2386,86
0x2388,62
0x238A,15
0x238C,22
0x238E,-84
0x2390,-1
0x2392,-76
0x2394,-47
0x2396,37
0x2398,15
0x239A,-79
0x239C,93
0x239E,18
0x23A0,-60
0x23A2,72
0x23A4,-25
0x23A6,-27
0x23A8,-18
0x23AA,80
0x23AC,-29
0x23AE,-12
0x23B0,5
0x23B2,-93
0x23B4,-69
0x23B6,34
0x23B8,-29
0x23BA,-41
0x23BC,-98
0x23BE,-57
0x23C0,60
0x23C2,-40
0x23C4,13
0x23C6,47
0x23C8,-69
0x23CA,22
0x23CC,-11
0x23CE,45
0x23D0,47
0x23D2,35
0x23D4,77
0x23D6,40
0x23D8,13
0x23DA,32
0x23DC,37
0x23DE,-53
0x23E0,70
0x23E2,-88
0x23E4,-56
0x23E6,27
0x23E8,16
0x23EA,3
0x23EC,0
0x23EE,58
0x23F0,-90
0x23F2,-11
0x23F4,13
0x23F6,-27
0x23F8,-90
0x23FA,45
0x23FC,-46
0x23FE,58
0x2400,90
0x2402,60
0x2404,-71
0x2406,74
0x2408,-54
0x240A,-58
0x240C,-19
0x240E,22
0x2410,-27
0x2412,-75
0x2414,-99
0x2416,-30
0x2418,93
0x241A,-19
0x241C,-85
0x241E,7
0x2420,74
0x2422,27
0x2424,-46
0x2426,-73
0x2428,31
0x242A,-10
0x242C,-9
0x242E,-64
0x2430,53
0x2432,-72
0x2434,50
0x2436,13
0x2438,-16
0x243A,29
0x243C,-40
0x243E,-78
0x2440,-18
0x2442,51
0x2444,49
0x2446,-86
0x2448,-1
0x244A,-66
0x244C,58
0x244E,29
0x2450,-75
0x2452,-90
0x2454,76
0x2456,-8
0x2458,-96
0x245A,-31
0x245C,-31
0x245E,-5
0x2460,-43
0x2462,62
0x2464,97
0x2466,5
0x2468,90
0x246A,74
0x246C,15
0x246E,-54
0x2470,-46
0x2472,41
0x2474,-51
0x2476,-79
0x2478,-8
0x247A,-31
0x247C,33
0x247E,-93
0x2480,-53
0x2482,-39
0x2484,-36
0x2486,63
0x2488,-72
0x248A,40
0x248C,46
0x248E,-82
0x2490,96
0x2492,-4
0x2494,60
0x2496,82
0x2498,-28
0x249A,92
0x249C,97
0x249E,-76
0x24A0,-46
0x24A2,2
0x24A4,55
0x24A6,-70
0x24A8,72
0x24AA,81
0x24AC,56
0x24AE,-54
0x24B0,59
0x24B2,-98
0x24B4,100
0x24B6,-46
0x24B8,83
0x24BA,-86
0x24BC,-58
0x24BE,-89
0x24C0,-31
0x24C2,17
0x24C4,48
0x24C6,-37
0x24C8,-22
0x24CA,-31
0x24CC,42
0x24CE,-60
0x24D0,-48
0x24D2,-6
0x24D4,-23
0x24D6,89
0x24D8,13
0x24DA,-8
0x24DC,-37
0x24DE,27
0x24E0,9
0x24E2,-21
0x24E4,-33
0x24E6,-20
0x24E8,82
0x24EA,-82
0x24EC,-32
0x24EE,-38
0x24F0,92
0x24F2,85
0x24F4,69
0x24F6,-92
0x24F8,-67
0x24FA,71
0x24FC,5
0x24FE,52
0x2500,-19
0x2502,-27
0x2504,7
0x2506,29
0x2508,-80
0x250A,86
0x250C,91
0x250E,47
0x2510,75
0x2512,-3
0x2514,-77
0x2516,81
0x2518,10
0x251A,19
0x251C,-95
0x251E,-44
0x2520,-58
0x2522,36
0x2524,-96
0x2526,-67
0x2528,-98
0x252A,-59
0x252C,20
0x252E,40
0x2530,-86
0x2532,97
0x2534,-90
0x2536,56
0x2538,36
0x253A,10
0x253C,55
0x253E,99
0x2540,-5
0x2542,-33
0x2544,-5
0x2546,-56
0x2548,99
0x254A,80
0x254C,87
0x254E,20
0x2550,5
0x2552,-62
0x2554,-17
0x2556,50
0x2558,22
0x255A,-14
0x255C,60
0x255E,-22
0x2560,23
0x2562,43
0x2564,-97
0x2566,-3
0x2568,-98
0x256A,92
0x256C,-39
0x256E,49
0x2570,-39
0x2572,-89
0x2574,-79
0x2576,44
0x2578,56
0x257A,60
0x257C,-66
0x257E,81
0x2580,-63
0x2582,11
0x2584,49
0x2586,-21
0x2588,40
0x258A,72
0x258C,-50
0x258E,-36
0x2590,-90
0x2592,13
0x2594,18
0x2596,-100
0x2598,-74
0x259A,32
0x259C,2
0x259E,48
0x25A0,59
0x25A2,23
0x25A4,-57
0x25A6,11
0x25A8,67
0x25AA,6
0x25AC,57
0x25AE,-53
0x25B0,53
0x25B2,68
0x25B4,14
0x25B6,77
0x25B8,-40
0x25BA,88
0x25BC,-29
0x25BE,-38
0x25C0,79
0x25C2,6
0x25C4,-34
0x25C6,-96
0x25C8,-76
0x25CA,12
0x25CC,-83
0x25CE,58
0x25D0,-67
0x25D2,90
0x25D4,79
0x25D6,54
0x25D8,55
0x25DA,-28
0x25DC,-4
0x25DE,-11
0x25E0,42
0x25E2,62
0x25E4,-45
0x25E6,75
0x25E8,-93
0x25EA,-89
0x25EC,-85
0x25EE,-22
0x25F0,1
0x25F2,89
0x25F4,-73
0x25F6,-35
0x25F8,-57
0x25FA,-34
0x25FC,-50
0x25FE,76
0x2600,-24
0x2602,-34
0x2604,-62
0x2606,88
0x2608,-73
0x260A,67
0x260C,46
0x260E,78
0x2610,-71
0x2612,0
0x2614,-74
0x2616,27
0x2618,21
0x261A,40
0x261C,12
0x261E,-8
0x2620,-39
0x2622,63
0x2624,-36
0x2626,89
0x2628,46
0x262A,-33
0x262C,-51
0x262E,2
0x2630,25
0x2632,-91
0x2634,6
0x2636,-84
0x2638,-41
0x263A,-68
0x263C,-19
0x263E,-69
0x2640,15
0x2642,-23
0x2644,45
0x2646,-73
0x2648,99
0x264A,-36
0x264C,-37
0x264E,-90
0x2650,-42
0x2652,55
0x2654,-41
0x2656,94
0x2658,39
0x265A,71
0x265C,31
0x265E,97
0x2660,-89
0x2662,64
0x2664,65
0x2666,57
0x2668,-51
0x266A,-89
0x266C,76
0x266E,39
0x2670,18
0x2672,-3
0x2674,-41
0x2676,-99
0x2678,-78
0x267A,-51
0x267C,-20
0x267E,27
0x2680,-47
0x2682,18
0x2684,49
0x2686,53
0x2688,64
0x268A,17
0x268C,-99
0x268E,61
0x2690,40
0x2692,63
0x2694,-67
0x2696,-40
0x2698,58
0x269A,-41
0x269C,-64
0x269E,9
0x26A0,14
0x26A2,11
0x26A4,26
0x26A6,-30
0x26A8,-51
0x26AA,25
0x26AC,49
0x26AE,90
0x26B0,84
0x26B2,-99
0x26B4,21
0x26B6,-12
0x26B8,68
0x26BA,-76
0x26BC,50
0x26BE,-67
0x26C0,-20
0x26C2,65
0x26C4,-36
0x26C6,90
0x26C8,-62
0x26CA,50
0x26CC,-30
0x26CE,-40
0x26D0,98
0x26D2,-81
0x26D4,-67
0x26D6,92
0x26D8,-86
0x26DA,-25
0x26DC,1
0x26DE,1
0x26E0,-41
0x26E2,-30
0x26E4,12
0x26E6,-97
0x26E8,-14
0x26EA,-78
0x26EC,-95
0x26EE,-14
0x26F0,41
0x26F2,98
0x26F4,-64
0x26F6,82
0x26F8,-47
0x26FA,97
0x26FC,70
0x26FE,21
0x2700,-40
0x2702,25
0x2704,49
0x2706,23
0x2708,13
0x270A,-18
0x270C,9
0x270E,39
0x2710,12
0x2712,-69
0x2714,-29
0x2716,-33
0x2718,-62
0x271A,-31
0x271C,-34
0x271E,61
0x2720,-90
0x2722,76
0x2724,59
0x2726,15
0x2728,-94
0x272A,34
0x272C,-78
0x272E,-17
0x2730,68
0x2732,77
0x2734,100
0x2736,5
0x2738,54
0x273A,82
0x273C,48
0x273E,15
0x2740,43
0x2742,78
0x2744,-34
0x2746,0
0x2748,33
0x274A,81
0x274C,-62
0x274E,75
0x2750,-3
0x2752,-8
0x2754,-16
0x2756,-86
0x2758,-52
0x275A,-7
0x275C,-61
0x275E,93
0x2760,-91
0x2762,8
0x2764,-99
0x2766,-23
0x2768,60
0x276A,-45
0x276C,-45
0x276E,-33
0x2770,-11
0x2772,-4
0x2774,-5
0x2776,-54
0x2778,4
0x277A,53
0x277C,-80
0x277E,-44
0x2780,-86
0x2782,11
0x2784,44
0x2786,-67
0x2788,95
0x278A,-36
0x278C,-2
0x278E,15
0x2790,-46
0x2792,23
0x2794,15
0x2796,40
0x2798,-77
0x279A,-83
0x279C,31
0x279E,-54
0x27A0,89
0x27A2,79
0x27A4,62
0x27A6,70
0x27A8,-61
0x27AA,-71
0x27AC,-22
0x27AE,-94
0x27B0,-20
0x27B2,-10
0x27B4,-47
0x27B6,-89
0x27B8,7
0x27BA,-39
0x27BC,29
0x27BE,-93
0x27C0,88
0x27C2,-76
0x27C4,66
0x27C6,-27
0x27C8,-31
0x27CA,80
0x27CC,83
0x27CE,-72
0x27D0,2
0x27D2,-80
0x27D4,-18
0x27D6,66
0x27D8,-24
0x27DA,13
0x27DC,-7
0x27DE,33
0x27E0,-37
0x27E2,1
0x27E4,19
0x27E6,-61
0x27E8,66
0x27EA,-67
0x27EC,-48
0x27EE,9
0x27F0,-26
0x27F2,-56
0x27F4,81
0x27F6,20
0x27F8,-83
0x27FA,29
0x27FC,-61
0x27FE,79
0x2800,39
0x2802,12
0x2804,45
0x2806,91
0x2808,63
0x280A,19
0x280C,-91
0x280E,20
0x2810,96
0x2812,-5
0x2814,-96
0x2816,53
0x2818,55
0x281A,66
0x281C,-41
0x281E,-59
0x2820,70
0x2822,-83
0x2824,5
0x2826,18
0x2828,-96
0x282A,21
0x282C,-12
0x282E,-60
0x2830,16
0x2832,-4
0x2834,60
0x2836,12
0x2838,-35
0x283A,-76
0x283C,-32
0x283E,-2
0x2840,-98
0x2842,-26
0x2844,-83
0x2846,-63
0x2848,-93
0x284A,28
0x284C,13
0x284E,54
0x2850,-62
0x2852,58
0x2854,-76
0x2856,-54
0x2858,70
0x285A,37
0x285C,42
0x285E,-71
0x2860,-97
0x2862,-97
0x2864,-86
0x2866,10
0x2868,-83
0x286A,-87
0x286C,11
0x286E,33
0x2870,0
0x2872,-47
0x2874,8
0x2876,67
0x2878,38
0x287A,-5
0x287C,-45
0x287E,-33
0x2880,59
0x2882,53
0x2884,32
0x2886,-65
0x2888,44
0x288A,32
0x288C,-98
0x288E,59
0x2890,-30
0x2892,12
0x2894,81
0x2896,40
0x2898,-34
0x289A,52
0x289C,-8
0x289E,66
0x28A0,-38
0x28A2,40
0x28A4,30
0x28A6,-34
0x28A8,-66
0x28AA,48
0x28AC,-21
0x28AE,13
0x28B0,-30
0x28B2,57
0x28B4,69
0x28B6,-20
0x28B8,-95
0x28BA,-16
0x28BC,65
0x28BE,-59
0x28C0,-36
0x28C2,-32
0x28C4,20
0x28C6,-15
0x28C8,-88
0x28CA,77
0x28CC,-80
0x28CE,-16
0x28D0,-30
0x28D2,-30
0x28D4,-95
0x28D6,-23
0x28D8,28
0x28DA,-61
0x28DC,-27
0x28DE,50
0x28E0,7
0x28E2,65
0x28E4,-74
0x28E6,-95
0x28E8,36
0x28EA,93
0x28EC,34
0x28EE,-71
0x28F0,-50
0x28F2,-4
0x28F4,-56
0x28F6,100
0x28F8,59
0x28FA,6
0x28FC,45
0x28FE,37
0x2900,60
0x2902,-18
0x2904,65
0x2906,-58
0x2908,20
0x290A,58
0x290C,-93
0x290E,8
0x2910,77
0x2912,45
0x2914,-58
0x2916,76
0x2918,20
0x291A,4
0x291C,32
0x291E,15
0x2920,-31
0x2922,52
0x2924,-35
0x2926,-44
0x2928,76
0x292A,-3
0x292C,-36
0x292E,69
0x2930,61
0x2932,-42
0x2934,-66
0x2936,98
0x2938,80
0x293A,-98
0x293C,61
0x293E,-61
0x2940,97
0x2942,-1
0x2944,16
0x2946,-38
0x2948,-28
0x294A,31
0x294C,-73
0x294E,58
0x2950,-50
0x2952,-93
0x2954,1
0x2956,-54
0x2958,85
0x295A,-32
0x295C,4
0x295E,-92
0x2960,-85
0x2962,-50
0x2964,15
0x2966,-76
0x2968,85
0x296A,12
0x296C,-60
0x296E,-95
0x2970,57
0x2972,2
0x2974,-65
0x2976,-11
0x2978,-31
0x297A,-51
0x297C,-61
0x297E,97
0x2980,91
0x2982,-35
0x2984,-1
0x2986,2
0x2988,92
0x298A,20
0x298C,8
0x298E,-19
0x2990,-67
0x2992,-42
0x2994,77
0x2996,-23
0x2998,-70
0x299A,-24
0x299C,-63
0x299E,-84
0x29A0,22
0x29A2,-64
0x29A4,-6
0x29A6,47
0x29A8,23
0x29AA,2
0x29AC,97
0x29AE,97
0x29B0,-34
0x29B2,17
0x29B4,-53
0x29B6,94
0x29B8,38
0x29BA,26
0x29BC,-84
0x29BE,-87
0x29C0,0
0x29C2,-58
0x29C4,-53
0x29C6,40
0x29C8,-79
0x29CA,-18
0x29CC,-19
0x29CE,-76
0x29D0,-62
0x29D2,-38
0x29D4,41
0x29D6,21
0x29D8,63
0x29DA,-10
0x29DC,66
0x29DE,-49
0x29E0,3
0x29E2,-50
0x29E4,-88
0x29E6,30
0x29E8,-34
0x29EA,-42
0x29EC,-95
0x29EE,22
0x29F0,-6
0x29F2,-40
0x29F4,47
0x29F6,33
0x29F8,45
0x29FA,85
0x29FC,76
0x29FE,64
0x2A00,61
0x2A02,74
0x2A04,66
0x2A06,-82
0x2A08,15
0x2A0A,60
0x2A0C,91
0x2A0E,-83
0x2A10,-36
0x2A12,-56
0x2A14,-92
0x2A16,91
0x2A18,71
0x2A1A,25
0x2A1C,-59
0x2A1E,-50
0x2A20,-1
0x2A22,-44
0x2A24,-58
0x2A26,-48
0x2A28,47
0x2A2A,98
0x2A2C,52
0x2A2E,70
0x2A30,5
0x2A32,-87
0x2A34,-2
0x2A36,4
0x2A38,-49
0x2A3A,11
0x2A3C,-23
0x2A3E,27
0x2A40,-22
0x2A42,-67
0x2A44,18
0x2A46,98
0x2A48,-4
0x2A4A,54
0x2A4C,79
0x2A4E,8
0x2A50,-58
0x2A52,61
0x2A54,-4
0x2A56,-66
0x2A58,44
0x2A5A,3
0x2A5C,60
0x2A5E,29
0x2A60,-3
0x2A62,70
0x2A64,-85
0x2A66,-2
0x2A68,11
0x2A6A,43
0x2A6C,-60
0x2A6E,42
0x2A70,63
0x2A72,95
0x2A74,-84
0x2A76,-83
0x2A78,15
0x2A7A,-8
0x2A7C,48
0x2A7E,19
0x2A80,-50
0x2A82,56
0x2A84,-46
0x2A86,77
0x2A88,35
0x2A8A,0
0x2A8C,24
0x2A8E,-30
0x2A90,65
0x2A92,-75
0x2A94,67
0x2A96,-22
0x2A98,40
0x2A9A,-91
0x2A9C,40
0x2A9E,-52
0x2AA0,99
0x2AA2,3
0x2AA4,19
0x2AA6,34
0x2AA8,43
0x2AAA,41
0x2AAC,47
0x2AAE,-62
0x2AB0,-4
0x2AB2,42
0x2AB4,-82
0x2AB6,-33
0x2AB8,23
0x2ABA,72
0x2ABC,97
0x2ABE,35
0x2AC0,63
0x2AC2,96
0x2AC4,45
0x2AC6,95
0x2AC8,41
0x2ACA,64
0x2ACC,83
0x2ACE,35
0x2AD0,1
0x2AD2,-98
0x2AD4,-30
0x2AD6,-42
0x2AD8,-12
0x2ADA,-52
0x2ADC,-6
0x2ADE,18
0x2AE0,91
0x2AE2,-24
0x2AE4,47
0x2AE6,-86
0x2AE8,-10
0x2AEA,3
0x2AEC,-10
0x2AEE,-62
0x2AF0,-43
0x2AF2,71
0x2AF4,-86
0x2AF6,-66
0x2AF8,-89
0x2AFA,-8
0x2AFC,-60
0x2AFE,41
0x2B00,7
0x2B02,-59
0x2B04,-98
0x2B06,-100
0x2B08,41
0x2B0A,42
0x2B0C,94
0x2B0E,100
0x2B10,-48
0x2B12,1
0x2B14,38
0x2B16,-69
0x2B18,-29
0x2B1A,-9
0x2B1C,-44
0x2B1E,-78
0x2B20,73
0x2B22,-89
0x2B24,10
0x2B26,-45
0x2B28,14
0x2B2A,-91
0x2B2C,-3
0x2B2E,90
0x2B30,53
0x2B32,-44
0x2B34,-94
0x2B36,-16
0x2B38,79
0x2B3A,-33
0x2B3C,99
0x2B3E,26
0x2B40,30
0x2B42,68
0x2B44,34
0x2B46,-63
0x2B48,-24
0x2B4A,-9
0x2B4C,86
0x2B4E,99
0x2B50,-32
0x2B52,48
0x2B54,-50
0x2B56,61
0x2B58,15
0x2B5A,33
0x2B5C,27
0x2B5E,80
0x2B60,26
0x2B62,-55
0x2B64,-15
0x2B66,-11
0x2B68,92
0x2B6A,14
0x2B6C,59
0x2B6E,39
0x2B70,-44
0x2B72,76
0x2B74,72
0x2B76,44
0x2B78,33
0x2B7A,35
0x2B7C,-71
0x2B7E,-46
0x2B80,32
0x2B82,-51
0x2B84,62
0x2B86,67
0x2B88,22
0x2B8A,70
0x2B8C,59
0x2B8E,91
0x2B90,69
0x2B92,35
0x2B94,62
0x2B96,5
0x2B98,9
0x2B9A,98
0x2B9C,62
0x2B9E,83
0x2BA0,-80
0x2BA2,96
0x2BA4,-96
0x2BA6,76
0x2BA8,-13
0x2BAA,51
0x2BAC,-31
0x2BAE,-72
0x2BB0,18
0x2BB2,-58
0x2BB4,6
0x2BB6,-5
0x2BB8,-46
0x2BBA,-14
0x2BBC,-57
0x2BBE,87
0x2BC0,0
0x2BC2,71
0x2BC4,27
0x2BC6,35
0x2BC8,-76
0x2BCA,70
0x2BCC,-84
0x2BCE,-37
0x2BD0,-4
0x2BD2,90
0x2BD4,-23
0x2BD6,-68
0x2BD8,93
0x2BDA,-48
0x2BDC,48
0x2BDE,-33
0x2BE0,76
0x2BE2,85
0x2BE4,-89
0x2BE6,-14
0x2BE8,79
0x2BEA,69
0x2BEC,61
0x2BEE,-2
0x2BF0,7
0x2BF2,80
0x2BF4,72
0x2BF6,-15
0x2BF8,12
0x2BFA,-37
0x2BFC,38
0x2BFE,-8
0x2C00,-100
0x2C02,59
0x2C04,-54
0x2C06,-12
0x2C08,-75
0x2C0A,-26
0x2C0C,-53
0x2C0E,-1
0x2C10,22
0x2C12,76
0x2C14,70
0x2C16,-12
0x2C18,-38
0x2C1A,-38
0x2C1C,5
0x2C1E,-68
0x2C20,27
0x2C22,-93
0x2C24,14
0x2C26,-60
0x2C28,55
0x2C2A,27
0x2C2C,4
0x2C2E,60
0x2C30,41
0x2C32,-70
0x2C34,-55
0x2C36,-45
0x2C38,-81
0x2C3A,24
0x2C3C,-54
0x2C3E,-84
0x2C40,99
0x2C42,23
0x2C44,80
0x2C46,-15
0x2C48,37
0x2C4A,-62
0x2C4C,20
0x2C4E,-12
0x2C50,-45
0x2C52,-100
0x2C54,-30
0x2C56,56
0x2C58,62
0x2C5A,-78
0x2C5C,48
0x2C5E,-70
0x2C60,62
0x2C62,-80
0x2C64,81
0x2C66,-97
0x2C68,-19
0x2C6A,87
0x2C6C,39
0x2C6E,36
0x2C70,29
0x2C72,-57
0x2C74,-29
0x2C76,-14
0x2C78,-62
0x2C7A,-62
0x2C7C,51
0x2C7E,21
0x2C80,-38
0x2C82,-42
0x2C84,80
0x2C86,-46
0x2C88,-30
0x2C8A,11
0x2C8C,56
0x2C8E,-6
0x2C90,-75
0x2C92,51
0x2C94,-91
0x2C96,63
0x2C98,-91
0x2C9A,-84
0x2C9C,-70
0x2C9E,-84
0x2CA0,58
0x2CA2,-65
0x2CA4,-53
0x2CA6,-11
0x2CA8,49
0x2CAA,31
0x2CAC,-94
0x2CAE,29
0x2CB0,18
0x2CB2,-72
0x2CB4,66
0x2CB6,38
0x2CB8,2
0x2CBA,-4
0x2CBC,-17
0x2CBE,-36
0x2CC0,-21
0x2CC2,-90
0x2CC4,77
0x2CC6,-5
0x2CC8,-63
0x2CCA,-93
0x2CCC,44
0x2CCE,-29
0x2CD0,-1
0x2CD2,23
0x2CD4,55
0x2CD6,20
0x2CD8,90
0x2CDA,19
0x2CDC,-95
0x2CDE,-48
0x2CE0,32
0x2CE2,-10
0x2CE4,81
0x2CE6,60
0x2CE8,58
0x2CEA,-18
0x2CEC,2
0x2CEE,-47
0x2CF0,-96
0x2CF2,94
0x2CF4,-97
0x2CF6,-77
0x2CF8,-73
0x2CFA,56
0x2CFC,-29
0x2CFE,50
0x2D00,-95
0x2D02,36
0x2D04,48
0x2D06,56
0x2D08,-15
0x2D0A,-42
0x2D0C,96
0x2D0E,64
0x2D10,24
0x2D12,-37
0x2D14,-97
0x2D16,-42
0x2D18,59
0x2D1A,-63
0x2D1C,-96
0x2D1E,0
0x2D20,-72
0x2D22,61
0x2D24,-95
0x2D26,31
0x2D28,-18
0x2D2A,-45
0x2D2C,-90
0x2D2E,89
0x2D30,-86
0x2D32,95
0x2D34,74
0x2D36,-80
0x2D38,28
0x2D3A,-27
0x2D3C,50
0x2D3E,91
0x2D40,54
0x2D42,-99
0x2D44,39
0x2D46,-70
0x2D48,9
0x2D4A,24
0x2D4C,-22
0x2D4E,47
0x2D50,-38
0x2D52,93
0x2D54,96
0x2D56,-9
0x2D58,-8
0x2D5A,-96
0x2D5C,73
0x2D5E,34
0x2D60,-29
0x2D62,22
0x2D64,94
0x2D66,-30
0x2D68,18
0x2D6A,-82
0x2D6C,4
0x2D6E,38
0x2D70,-84
0x2D72,-80
0x2D74,-17
0x2D76,-11
0x2D78,41
0x2D7A,24
0x2D7C,-45
0x2D7E,52
0x2D80,-83
0x2D82,-5
0x2D84,-9
0x2D86,-24
0x2D88,93
0x2D8A,-69
0x2D8C,48
0x2D8E,-54
0x2D90,84
0x2D92,7
0x2D94,70
0x2D96,93
0x2D98,-79
0x2D9A,-22
0x2D9C,23
0x2D9E,25
0x2DA0,-24
0x2DA2,-12
0x2DA4,-25
0x2DA6,-67
0x2DA8,-37
0x2DAA,4
0x2DAC,38
0x2DAE,-16
0x2DB0,40
0x2DB2,-80
0x2DB4,9
0x2DB6,73
0x2DB8,-51
0x2DBA,13
0x2DBC,44
0x2DBE,75
0x2DC0,-19
0x2DC2,-49
0x2DC4,-53
0x2DC6,22
0x2DC8,-17
0x2DCA,97
0x2DCC,-51
0x2DCE,-56
0x2DD0,-39
0x2DD2,-1
0x2DD4,75
0x2DD6,89
0x2DD8,-33
0x2DDA,80
0x2DDC,6
0x2DDE,73
0x2DE0,-82
0x2DE2,-52
0x2DE4,-15
0x2DE6,20
0x2DE8,1
0x2DEA,13
0x2DEC,8
0x2DEE,30
0x2DF0,-83
0x2DF2,-93
0x2DF4,-50
0x2DF6,-50
0x2DF8,98
0x2DFA,35
0x2DFC,-80
0x2DFE,-83
0x2E00,-98
0x2E02,-72
0x2E04,-8
0x2E06,97
0x2E08,64
0x2E0A,-42
0x2E0C,-44
0x2E0E,15
0x2E10,47
0x2E12,-46
0x2E14,-47
0x2E16,-19
0x2E18,-27
0x2E1A,2
0x2E1C,24
0x2E1E,-59
0x2E20,-23
0x2E22,39
0x2E24,-33
0x2E26,64
0x2E28,69
0x2E2A,-74
0x2E2C,-32
0x2E2E,77
0x2E30,-19
0x2E32,-32
0x2E34,-45
0x2E36,-51
0x2E38,-36
0x2E3A,-45
0x2E3C,64
0x2E3E,-89
0x2E40,-25
0x2E42,60
0x2E44,-12
0x2E46,58
0x2E48,24
0x2E4A,-95
0x2E4C,99
0x2E4E,83
0x2E50,-84
0x2E52,79
0x2E54,40
0x2E56,-93
0x2E58,87
0x2E5A,-83
0x2E5C,98
0x2E5E,-92
0x2E60,37
0x2E62,75
0x2E64,95
0x2E66,-98
0x2E68,-50
0x2E6A,-43
0x2E6C,-93
0x2E6E,49
0x2E70,63
0x2E72,24
0x2E74,79
0x2E76,-26
0x2E78,49
0x2E7A,89
0x2E7C,-95
0x2E7E,10
0x2E80,2
0x2E82,-48
0x2E84,78
0x2E86,-11
0x2E88,26
0x2E8A,-54
0x2E8C,-81
0x2E8E,-26
0x2E90,33
0x2E92,81
0x2E94,73
0x2E96,-41
0x2E98,71
0x2E9A,-18
0x2E9C,82
0x2E9E,-49
0x2EA0,-40
0x2EA2,11
0x2EA4,3
0x2EA6,-98
0x2EA8,-59
0x2EAA,-74
0x2EAC,-96
0x2EAE,68
0x2EB0,-100
0x2EB2,-83
0x2EB4,-77
0x2EB6,-59
0x2EB8,4
0x2EBA,-46
0x2EBC,-22
0x2EBE,20
0x2EC0,10
0x2EC2,59
0x2EC4,-63
0x2EC6,-45
0x2EC8,78
0x2ECA,-34
0x2ECC,-20
0x2ECE,49
0x2ED0,14
0x2ED2,77
0x2ED4,-67
0x2ED6,60
0x2ED8,-27
0x2EDA,-24
0x2EDC,34
0x2EDE,-17
0x2EE0,-37
0x2EE2,3
0x2EE4,-62
0x2EE6,53
0x2EE8,-32
0x2EEA,-88
0x2EEC,73
0x2EEE,98
0x2EF0,69
0x2EF2,61
0x2EF4,88
0x2EF6,-67
0x2EF8,-73
0x2EFA,-4
0x2EFC,-10
0x2EFE,11
0x2F00,45
0x2F02,-38
0x2F04,37
0x2F06,82
0x2F08,14
0x2F0A,-89
0x2F0C,-39
0x2F0E,-17
0x2F10,-56
0x2F12,-97
0x2F14,47
0x2F16,32
0x2F18,6
0x2F1A,-63
0x2F1C,-87
0x2F1E,-23
0x2F20,-79
0x2F22,7
0x2F24,10
0x2F26,74
0x2F28,18
0x2F2A,-25
0x2F2C,-97
0x2F2E,-76
0x2F30,24
0x2F32,49
0x2F34,-57
0x2F36,98
0x2F38,1
0x2F3A,22
0x2F3C,-67
0x2F3E,80
0x2F40,76
0x2F42,10
0x2F44,15
0x2F46,-68
0x2F48,-69
0x2F4A,-70
0x2F4C,-86
0x2F4E,95
0x2F50,-96
0x2F52,-28
0x2F54,-17
0x2F56,36
0x2F58,-22
0x2F5A,-24
0x2F5C,-94
0x2F5E,-81
0x2F60,-70
0x2F62,-93
0x2F64,-12
0x2F66,79
0x2F68,4
0x2F6A,-35
0x2F6C,-98
0x2F6E,-50
0x2F70,91
0x2F72,-80
0x2F74,-96
0x2F76,60
0x2F78,-24
0x2F7A,64
0x2F7C,-96
0x2F7E,38
0x2F80,-90
0x2F82,-57
0x2F84,-53
0x2F86,-60
0x2F88,83
0x2F8A,-52
0x2F8C,30
0x2F8E,-77
0x2F90,78
0x2F92,-33
0x2F94,23
0x2F96,-49
0x2F98,-55
0x2F9A,71
0x2F9C,-15
0x2F9E,-60
0x2FA0,69
0x2FA2,1
0x2FA4,59
0x2FA6,86
0x2FA8,42
0x2FAA,-84
0x2FAC,57
0x2FAE,34
0x2FB0,52
0x2FB2,40
0x2FB4,-99
0x2FB6,0
0x2FB8,-98
0x2FBA,45
0x2FBC,-83
0x2FBE,-93
0x2FC0,-17
0x2FC2,-22
0x2FC4,87
0x2FC6,-90
0x2FC8,-64
0x2FCA,65
0x2FCC,-72
0x2FCE,-39
0x2FD0,38
0x2FD2,10
0x2FD4,-84
0x2FD6,-59
0x2FD8,27
0x2FDA,55
0x2FDC,79
0x2FDE,-52
0x2FE0,-3
0x2FE2,-72
0x2FE4,-14
0x2FE6,25
0x2FE8,-71
0x2FEA,8
0x2FEC,61
0x2FEE,-3
0x2FF0,-4
0x2FF2,4
0x2FF4,-71
0x2FF6,22
0x2FF8,-94
0x2FFA,5
0x2FFC,-78
0x2FFE,80
